{"assets":[],"layers":[{"ddd":0,"ind":0,"ty":4,"nm":"Layer 3 Outlines","ks":{"o":{"k":100},"r":{"k":0},"p":{"k":[69.5,50,0]},"a":{"k":[16.25,21.75,0]},"s":{"k":[100,100,100]}},"ao":0,"shapes":[{"ty":"gr","it":[{"ind":0,"ty":"sh","ks":{"k":[{"i":{"x":0.667,"y":1},"o":{"x":0.333,"y":0},"n":"0p667_1_0p333_0","t":9,"s":[{"i":[[0,0],[0,0]],"o":[[0,0],[0,0]],"v":[[16.25,21.656],[16.25,21.719]],"c":false}],"e":[{"i":[[0,0],[0,0]],"o":[[0,0],[0,0]],"v":[[16.25,12.375],[16.25,31.312]],"c":false}]},{"i":{"x":0.667,"y":1},"o":{"x":0.333,"y":0},"n":"0p667_1_0p333_0","t":12,"s":[{"i":[[0,0],[0,0]],"o":[[0,0],[0,0]],"v":[[16.25,12.375],[16.25,31.312]],"c":false}],"e":[{"i":[[0,0],[0,0]],"o":[[0,0],[0,0]],"v":[[16.25,21.656],[16.25,21.719]],"c":false}]},{"i":{"x":0.667,"y":1},"o":{"x":0.333,"y":0},"n":"0p667_1_0p333_0","t":17,"s":[{"i":[[0,0],[0,0]],"o":[[0,0],[0,0]],"v":[[16.25,21.656],[16.25,21.719]],"c":false}],"e":[{"i":[[0,0],[0,0]],"o":[[0,0],[0,0]],"v":[[16.25,12.375],[16.25,31.312]],"c":false}]},{"i":{"x":0.667,"y":1},"o":{"x":0.333,"y":0},"n":"0p667_1_0p333_0","t":20,"s":[{"i":[[0,0],[0,0]],"o":[[0,0],[0,0]],"v":[[16.25,12.375],[16.25,31.312]],"c":false}],"e":[{"i":[[0,0],[0,0]],"o":[[0,0],[0,0]],"v":[[16.25,15.469],[16.25,28.115]],"c":false}]},{"i":{"x":0.667,"y":1},"o":{"x":0.333,"y":0},"n":"0p667_1_0p333_0","t":22,"s":[{"i":[[0,0],[0,0]],"o":[[0,0],[0,0]],"v":[[16.25,15.469],[16.25,28.115]],"c":false}],"e":[{"i":[[0,0],[0,0]],"o":[[0,0],[0,0]],"v":[[16.25,12.375],[16.25,31.312]],"c":false}]},{"i":{"x":0.667,"y":1},"o":{"x":0.333,"y":0},"n":"0p667_1_0p333_0","t":24,"s":[{"i":[[0,0],[0,0]],"o":[[0,0],[0,0]],"v":[[16.25,12.375],[16.25,31.312]],"c":false}],"e":[{"i":[[0,0],[0,0]],"o":[[0,0],[0,0]],"v":[[16.25,15.469],[16.25,28.115]],"c":false}]},{"i":{"x":0.667,"y":1},"o":{"x":0.333,"y":0},"n":"0p667_1_0p333_0","t":26,"s":[{"i":[[0,0],[0,0]],"o":[[0,0],[0,0]],"v":[[16.25,15.469],[16.25,28.115]],"c":false}],"e":[{"i":[[0,0],[0,0]],"o":[[0,0],[0,0]],"v":[[16.25,21.656],[16.25,21.719]],"c":false}]},{"i":{"x":0.667,"y":1},"o":{"x":0.167,"y":0},"n":"0p667_1_0p167_0","t":29,"s":[{"i":[[0,0],[0,0]],"o":[[0,0],[0,0]],"v":[[16.25,21.656],[16.25,21.719]],"c":false}],"e":[{"i":[[0,0],[0,0]],"o":[[0,0],[0,0]],"v":[[16.25,21.656],[16.25,21.719]],"c":false}]},{"i":{"x":0.667,"y":1},"o":{"x":0.333,"y":0},"n":"0p667_1_0p333_0","t":31,"s":[{"i":[[0,0],[0,0]],"o":[[0,0],[0,0]],"v":[[16.25,21.656],[16.25,21.719]],"c":false}],"e":[{"i":[[0,0],[0,0]],"o":[[0,0],[0,0]],"v":[[16.25,12.375],[16.25,31.312]],"c":false}]},{"i":{"x":0.667,"y":1},"o":{"x":0.333,"y":0},"n":"0p667_1_0p333_0","t":33,"s":[{"i":[[0,0],[0,0]],"o":[[0,0],[0,0]],"v":[[16.25,12.375],[16.25,31.312]],"c":false}],"e":[{"i":[[0,0],[0,0]],"o":[[0,0],[0,0]],"v":[[16.25,21.656],[16.25,21.719]],"c":false}]},{"i":{"x":0.667,"y":1},"o":{"x":0.333,"y":0},"n":"0p667_1_0p333_0","t":38,"s":[{"i":[[0,0],[0,0]],"o":[[0,0],[0,0]],"v":[[16.25,21.656],[16.25,21.719]],"c":false}],"e":[{"i":[[0,0],[0,0]],"o":[[0,0],[0,0]],"v":[[16.25,12.375],[16.25,31.312]],"c":false}]},{"i":{"x":0.667,"y":1},"o":{"x":0.333,"y":0},"n":"0p667_1_0p333_0","t":41,"s":[{"i":[[0,0],[0,0]],"o":[[0,0],[0,0]],"v":[[16.25,12.375],[16.25,31.312]],"c":false}],"e":[{"i":[[0,0],[0,0]],"o":[[0,0],[0,0]],"v":[[16.25,15.469],[16.25,28.115]],"c":false}]},{"i":{"x":0.667,"y":1},"o":{"x":0.333,"y":0},"n":"0p667_1_0p333_0","t":43,"s":[{"i":[[0,0],[0,0]],"o":[[0,0],[0,0]],"v":[[16.25,15.469],[16.25,28.115]],"c":false}],"e":[{"i":[[0,0],[0,0]],"o":[[0,0],[0,0]],"v":[[16.25,12.375],[16.25,31.312]],"c":false}]},{"i":{"x":0.667,"y":1},"o":{"x":0.333,"y":0},"n":"0p667_1_0p333_0","t":45,"s":[{"i":[[0,0],[0,0]],"o":[[0,0],[0,0]],"v":[[16.25,12.375],[16.25,31.312]],"c":false}],"e":[{"i":[[0,0],[0,0]],"o":[[0,0],[0,0]],"v":[[16.25,15.469],[16.25,28.115]],"c":false}]},{"i":{"x":0.667,"y":1},"o":{"x":0.333,"y":0},"n":"0p667_1_0p333_0","t":47,"s":[{"i":[[0,0],[0,0]],"o":[[0,0],[0,0]],"v":[[16.25,15.469],[16.25,28.115]],"c":false}],"e":[{"i":[[0,0],[0,0]],"o":[[0,0],[0,0]],"v":[[16.25,21.656],[16.25,21.719]],"c":false}]},{"t":49}]},"nm":"Path 1","mn":"ADBE Vector Shape - Group"},{"ty":"st","fillEnabled":true,"c":{"k":[0.2901960784313726,0.5647058823529412,0.8862745098039215,1]},"o":{"k":100},"w":{"k":6.5},"lc":2,"lj":1,"ml":10,"nm":"Stroke 1","mn":"ADBE Vector Graphic - Stroke"},{"ty":"tr","p":{"k":[16.257,21.75],"ix":2},"a":{"k":[16.257,21.75],"ix":1},"s":{"k":[100,100],"ix":3},"r":{"k":0,"ix":6},"o":{"k":100,"ix":7},"sk":{"k":0,"ix":4},"sa":{"k":0,"ix":5},"nm":"Transform"}],"nm":"Group 1","np":2,"mn":"ADBE Vector Group"}],"ip":0,"op":55,"st":0,"bm":0,"sr":1},{"ddd":0,"ind":1,"ty":4,"nm":"Layer 2 Outlines","ks":{"o":{"k":100},"r":{"k":0},"p":{"k":[56.5,50,0]},"a":{"k":[16.25,23.917,0]},"s":{"k":[100,100,100]}},"ao":0,"shapes":[{"ty":"gr","it":[{"ind":0,"ty":"sh","ks":{"k":[{"i":{"x":0.667,"y":1},"o":{"x":0.333,"y":0},"n":"0p667_1_0p333_0","t":8,"s":[{"i":[[0,0],[0,0]],"o":[[0,0],[0,0]],"v":[[16.25,23.885],[16.25,23.948]],"c":false}],"e":[{"i":[[0,0],[0,0]],"o":[[0,0],[0,0]],"v":[[16.25,11.729],[16.25,36.729]],"c":false}]},{"i":{"x":0.667,"y":1},"o":{"x":0.333,"y":0},"n":"0p667_1_0p333_0","t":12,"s":[{"i":[[0,0],[0,0]],"o":[[0,0],[0,0]],"v":[[16.25,11.729],[16.25,36.729]],"c":false}],"e":[{"i":[[0,0],[0,0]],"o":[[0,0],[0,0]],"v":[[16.25,23.885],[16.25,23.948]],"c":false}]},{"i":{"x":0.667,"y":1},"o":{"x":0.333,"y":0},"n":"0p667_1_0p333_0","t":16,"s":[{"i":[[0,0],[0,0]],"o":[[0,0],[0,0]],"v":[[16.25,23.885],[16.25,23.948]],"c":false}],"e":[{"i":[[0,0],[0,0]],"o":[[0,0],[0,0]],"v":[[16.25,11.729],[16.25,36.729]],"c":false}]},{"i":{"x":0.667,"y":1},"o":{"x":0.333,"y":0},"n":"0p667_1_0p333_0","t":19,"s":[{"i":[[0,0],[0,0]],"o":[[0,0],[0,0]],"v":[[16.25,11.729],[16.25,36.729]],"c":false}],"e":[{"i":[[0,0],[0,0]],"o":[[0,0],[0,0]],"v":[[16.25,14.768],[16.25,33.534]],"c":false}]},{"i":{"x":0.667,"y":1},"o":{"x":0.333,"y":0},"n":"0p667_1_0p333_0","t":21,"s":[{"i":[[0,0],[0,0]],"o":[[0,0],[0,0]],"v":[[16.25,14.768],[16.25,33.534]],"c":false}],"e":[{"i":[[0,0],[0,0]],"o":[[0,0],[0,0]],"v":[[16.25,11.729],[16.25,36.729]],"c":false}]},{"i":{"x":0.667,"y":1},"o":{"x":0.333,"y":0},"n":"0p667_1_0p333_0","t":23,"s":[{"i":[[0,0],[0,0]],"o":[[0,0],[0,0]],"v":[[16.25,11.729],[16.25,36.729]],"c":false}],"e":[{"i":[[0,0],[0,0]],"o":[[0,0],[0,0]],"v":[[16.25,14.768],[16.25,33.534]],"c":false}]},{"i":{"x":0.667,"y":1},"o":{"x":0.333,"y":0},"n":"0p667_1_0p333_0","t":25,"s":[{"i":[[0,0],[0,0]],"o":[[0,0],[0,0]],"v":[[16.25,14.768],[16.25,33.534]],"c":false}],"e":[{"i":[[0,0],[0,0]],"o":[[0,0],[0,0]],"v":[[16.25,23.885],[16.25,23.948]],"c":false}]},{"i":{"x":0.667,"y":1},"o":{"x":0.167,"y":0},"n":"0p667_1_0p167_0","t":30,"s":[{"i":[[0,0],[0,0]],"o":[[0,0],[0,0]],"v":[[16.25,23.885],[16.25,23.948]],"c":false}],"e":[{"i":[[0,0],[0,0]],"o":[[0,0],[0,0]],"v":[[16.25,23.885],[16.25,23.948]],"c":false}]},{"i":{"x":0.667,"y":1},"o":{"x":0.333,"y":0},"n":"0p667_1_0p333_0","t":31,"s":[{"i":[[0,0],[0,0]],"o":[[0,0],[0,0]],"v":[[16.25,23.885],[16.25,23.948]],"c":false}],"e":[{"i":[[0,0],[0,0]],"o":[[0,0],[0,0]],"v":[[16.25,11.729],[16.25,36.729]],"c":false}]},{"i":{"x":0.667,"y":1},"o":{"x":0.333,"y":0},"n":"0p667_1_0p333_0","t":33,"s":[{"i":[[0,0],[0,0]],"o":[[0,0],[0,0]],"v":[[16.25,11.729],[16.25,36.729]],"c":false}],"e":[{"i":[[0,0],[0,0]],"o":[[0,0],[0,0]],"v":[[16.25,23.885],[16.25,23.948]],"c":false}]},{"i":{"x":0.667,"y":1},"o":{"x":0.333,"y":0},"n":"0p667_1_0p333_0","t":37,"s":[{"i":[[0,0],[0,0]],"o":[[0,0],[0,0]],"v":[[16.25,23.885],[16.25,23.948]],"c":false}],"e":[{"i":[[0,0],[0,0]],"o":[[0,0],[0,0]],"v":[[16.25,11.729],[16.25,36.729]],"c":false}]},{"i":{"x":0.667,"y":1},"o":{"x":0.333,"y":0},"n":"0p667_1_0p333_0","t":40,"s":[{"i":[[0,0],[0,0]],"o":[[0,0],[0,0]],"v":[[16.25,11.729],[16.25,36.729]],"c":false}],"e":[{"i":[[0,0],[0,0]],"o":[[0,0],[0,0]],"v":[[16.25,14.768],[16.25,33.534]],"c":false}]},{"i":{"x":0.667,"y":1},"o":{"x":0.333,"y":0},"n":"0p667_1_0p333_0","t":42,"s":[{"i":[[0,0],[0,0]],"o":[[0,0],[0,0]],"v":[[16.25,14.768],[16.25,33.534]],"c":false}],"e":[{"i":[[0,0],[0,0]],"o":[[0,0],[0,0]],"v":[[16.25,11.729],[16.25,36.729]],"c":false}]},{"i":{"x":0.667,"y":1},"o":{"x":0.333,"y":0},"n":"0p667_1_0p333_0","t":44,"s":[{"i":[[0,0],[0,0]],"o":[[0,0],[0,0]],"v":[[16.25,11.729],[16.25,36.729]],"c":false}],"e":[{"i":[[0,0],[0,0]],"o":[[0,0],[0,0]],"v":[[16.25,14.768],[16.25,33.534]],"c":false}]},{"i":{"x":0.667,"y":1},"o":{"x":0.333,"y":0},"n":"0p667_1_0p333_0","t":46,"s":[{"i":[[0,0],[0,0]],"o":[[0,0],[0,0]],"v":[[16.25,14.768],[16.25,33.534]],"c":false}],"e":[{"i":[[0,0],[0,0]],"o":[[0,0],[0,0]],"v":[[16.25,23.885],[16.25,23.948]],"c":false}]},{"t":50}]},"nm":"Path 1","mn":"ADBE Vector Shape - Group"},{"ty":"st","fillEnabled":true,"c":{"k":[0.2901960784313726,0.5647058823529412,0.8862745098039215,1]},"o":{"k":100},"w":{"k":6.5},"lc":2,"lj":1,"ml":10,"nm":"Stroke 1","mn":"ADBE Vector Graphic - Stroke"},{"ty":"tr","p":{"k":[0,0],"ix":2},"a":{"k":[0,0],"ix":1},"s":{"k":[100,100],"ix":3},"r":{"k":0,"ix":6},"o":{"k":100,"ix":7},"sk":{"k":0,"ix":4},"sa":{"k":0,"ix":5},"nm":"Transform"}],"nm":"Group 1","np":2,"mn":"ADBE Vector Group"}],"ip":0,"op":55,"st":0,"bm":0,"sr":1},{"ddd":0,"ind":2,"ty":4,"nm":"Layer 1 Outlines","ks":{"o":{"k":100},"r":{"k":0},"p":{"k":[43.5,50,0]},"a":{"k":[16.25,20.833,0]},"s":{"k":[100,100,100]}},"ao":0,"shapes":[{"ty":"gr","it":[{"ind":0,"ty":"sh","ks":{"k":[{"i":{"x":0.667,"y":1},"o":{"x":0.333,"y":0},"n":"0p667_1_0p333_0","t":7,"s":[{"i":[[0,0],[0,0]],"o":[[0,0],[0,0]],"v":[[16.25,20.783],[16.25,20.814]],"c":false}],"e":[{"i":[[0,0],[0,0]],"o":[[0,0],[0,0]],"v":[[16.25,13.396],[16.25,29.521]],"c":false}]},{"i":{"x":0.667,"y":1},"o":{"x":0.333,"y":0},"n":"0p667_1_0p333_0","t":13,"s":[{"i":[[0,0],[0,0]],"o":[[0,0],[0,0]],"v":[[16.25,13.396],[16.25,29.521]],"c":false}],"e":[{"i":[[0,0],[0,0]],"o":[[0,0],[0,0]],"v":[[16.25,20.783],[16.25,20.814]],"c":false}]},{"i":{"x":0.667,"y":1},"o":{"x":0.333,"y":0},"n":"0p667_1_0p333_0","t":15,"s":[{"i":[[0,0],[0,0]],"o":[[0,0],[0,0]],"v":[[16.25,20.783],[16.25,20.814]],"c":false}],"e":[{"i":[[0,0],[0,0]],"o":[[0,0],[0,0]],"v":[[16.25,13.396],[16.25,29.521]],"c":false}]},{"i":{"x":0.667,"y":1},"o":{"x":0.333,"y":0},"n":"0p667_1_0p333_0","t":20,"s":[{"i":[[0,0],[0,0]],"o":[[0,0],[0,0]],"v":[[16.25,13.396],[16.25,29.521]],"c":false}],"e":[{"i":[[0,0],[0,0]],"o":[[0,0],[0,0]],"v":[[16.25,15.242],[16.25,27.344]],"c":false}]},{"i":{"x":0.667,"y":1},"o":{"x":0.333,"y":0},"n":"0p667_1_0p333_0","t":22,"s":[{"i":[[0,0],[0,0]],"o":[[0,0],[0,0]],"v":[[16.25,15.242],[16.25,27.344]],"c":false}],"e":[{"i":[[0,0],[0,0]],"o":[[0,0],[0,0]],"v":[[16.25,13.396],[16.25,29.521]],"c":false}]},{"i":{"x":0.667,"y":1},"o":{"x":0.333,"y":0},"n":"0p667_1_0p333_0","t":24,"s":[{"i":[[0,0],[0,0]],"o":[[0,0],[0,0]],"v":[[16.25,13.396],[16.25,29.521]],"c":false}],"e":[{"i":[[0,0],[0,0]],"o":[[0,0],[0,0]],"v":[[16.25,15.242],[16.25,27.344]],"c":false}]},{"i":{"x":0.667,"y":1},"o":{"x":0.333,"y":0},"n":"0p667_1_0p333_0","t":26,"s":[{"i":[[0,0],[0,0]],"o":[[0,0],[0,0]],"v":[[16.25,15.242],[16.25,27.344]],"c":false}],"e":[{"i":[[0,0],[0,0]],"o":[[0,0],[0,0]],"v":[[16.25,20.783],[16.25,20.814]],"c":false}]},{"i":{"x":0.667,"y":1},"o":{"x":0.167,"y":0},"n":"0p667_1_0p167_0","t":29,"s":[{"i":[[0,0],[0,0]],"o":[[0,0],[0,0]],"v":[[16.25,20.783],[16.25,20.814]],"c":false}],"e":[{"i":[[0,0],[0,0]],"o":[[0,0],[0,0]],"v":[[16.25,20.783],[16.25,20.814]],"c":false}]},{"i":{"x":0.667,"y":1},"o":{"x":0.333,"y":0},"n":"0p667_1_0p333_0","t":31,"s":[{"i":[[0,0],[0,0]],"o":[[0,0],[0,0]],"v":[[16.25,20.783],[16.25,20.814]],"c":false}],"e":[{"i":[[0,0],[0,0]],"o":[[0,0],[0,0]],"v":[[16.25,13.396],[16.25,29.521]],"c":false}]},{"i":{"x":0.667,"y":1},"o":{"x":0.333,"y":0},"n":"0p667_1_0p333_0","t":34,"s":[{"i":[[0,0],[0,0]],"o":[[0,0],[0,0]],"v":[[16.25,13.396],[16.25,29.521]],"c":false}],"e":[{"i":[[0,0],[0,0]],"o":[[0,0],[0,0]],"v":[[16.25,20.783],[16.25,20.814]],"c":false}]},{"i":{"x":0.667,"y":1},"o":{"x":0.333,"y":0},"n":"0p667_1_0p333_0","t":36,"s":[{"i":[[0,0],[0,0]],"o":[[0,0],[0,0]],"v":[[16.25,20.783],[16.25,20.814]],"c":false}],"e":[{"i":[[0,0],[0,0]],"o":[[0,0],[0,0]],"v":[[16.25,13.396],[16.25,29.521]],"c":false}]},{"i":{"x":0.667,"y":1},"o":{"x":0.333,"y":0},"n":"0p667_1_0p333_0","t":41,"s":[{"i":[[0,0],[0,0]],"o":[[0,0],[0,0]],"v":[[16.25,13.396],[16.25,29.521]],"c":false}],"e":[{"i":[[0,0],[0,0]],"o":[[0,0],[0,0]],"v":[[16.25,15.242],[16.25,27.344]],"c":false}]},{"i":{"x":0.667,"y":1},"o":{"x":0.333,"y":0},"n":"0p667_1_0p333_0","t":43,"s":[{"i":[[0,0],[0,0]],"o":[[0,0],[0,0]],"v":[[16.25,15.242],[16.25,27.344]],"c":false}],"e":[{"i":[[0,0],[0,0]],"o":[[0,0],[0,0]],"v":[[16.25,13.396],[16.25,29.521]],"c":false}]},{"i":{"x":0.667,"y":1},"o":{"x":0.333,"y":0},"n":"0p667_1_0p333_0","t":45,"s":[{"i":[[0,0],[0,0]],"o":[[0,0],[0,0]],"v":[[16.25,13.396],[16.25,29.521]],"c":false}],"e":[{"i":[[0,0],[0,0]],"o":[[0,0],[0,0]],"v":[[16.25,15.242],[16.25,27.344]],"c":false}]},{"i":{"x":0.667,"y":1},"o":{"x":0.333,"y":0},"n":"0p667_1_0p333_0","t":47,"s":[{"i":[[0,0],[0,0]],"o":[[0,0],[0,0]],"v":[[16.25,15.242],[16.25,27.344]],"c":false}],"e":[{"i":[[0,0],[0,0]],"o":[[0,0],[0,0]],"v":[[16.25,20.783],[16.25,20.814]],"c":false}]},{"t":49}]},"nm":"Path 1","mn":"ADBE Vector Shape - Group"},{"ty":"st","fillEnabled":true,"c":{"k":[0.2901960784313726,0.5647058823529412,0.8862745098039215,1]},"o":{"k":100},"w":{"k":6.5},"lc":2,"lj":1,"ml":10,"nm":"Stroke 1","mn":"ADBE Vector Graphic - Stroke"},{"ty":"tr","p":{"k":[0,0],"ix":2},"a":{"k":[0,0],"ix":1},"s":{"k":[100,100],"ix":3},"r":{"k":0,"ix":6},"o":{"k":100,"ix":7},"sk":{"k":0,"ix":4},"sa":{"k":0,"ix":5},"nm":"Transform"}],"nm":"Group 1","np":2,"mn":"ADBE Vector Group"}],"ip":0,"op":55,"st":0,"bm":0,"sr":1},{"ddd":0,"ind":3,"ty":4,"nm":"Layer 4 Outlines","ks":{"o":{"k":100},"r":{"k":0},"p":{"k":[30.5,50,0]},"a":{"k":[16.25,23.083,0]},"s":{"k":[100,100,100]}},"ao":0,"shapes":[{"ty":"gr","it":[{"ind":0,"ty":"sh","ks":{"k":[{"i":{"x":0.667,"y":1},"o":{"x":0.333,"y":0},"n":"0p667_1_0p333_0","t":5,"s":[{"i":[[0,0],[0,0]],"o":[[0,0],[0,0]],"v":[[16.25,23.091],[16.25,23.052]],"c":false}],"e":[{"i":[[0,0],[0,0]],"o":[[0,0],[0,0]],"v":[[16.25,12.771],[16.25,33.708]],"c":false}]},{"i":{"x":0.667,"y":1},"o":{"x":0.333,"y":0},"n":"0p667_1_0p333_0","t":10,"s":[{"i":[[0,0],[0,0]],"o":[[0,0],[0,0]],"v":[[16.25,12.771],[16.25,33.708]],"c":false}],"e":[{"i":[[0,0],[0,0]],"o":[[0,0],[0,0]],"v":[[16.25,23.091],[16.25,23.052]],"c":false}]},{"i":{"x":0.667,"y":1},"o":{"x":0.333,"y":0},"n":"0p667_1_0p333_0","t":14,"s":[{"i":[[0,0],[0,0]],"o":[[0,0],[0,0]],"v":[[16.25,23.091],[16.25,23.052]],"c":false}],"e":[{"i":[[0,0],[0,0]],"o":[[0,0],[0,0]],"v":[[16.25,12.771],[16.25,33.708]],"c":false}]},{"i":{"x":0.667,"y":1},"o":{"x":0.333,"y":0},"n":"0p667_1_0p333_0","t":17,"s":[{"i":[[0,0],[0,0]],"o":[[0,0],[0,0]],"v":[[16.25,12.771],[16.25,33.708]],"c":false}],"e":[{"i":[[0,0],[0,0]],"o":[[0,0],[0,0]],"v":[[16.25,15.351],[16.25,31.044]],"c":false}]},{"i":{"x":0.667,"y":1},"o":{"x":0.333,"y":0},"n":"0p667_1_0p333_0","t":19,"s":[{"i":[[0,0],[0,0]],"o":[[0,0],[0,0]],"v":[[16.25,15.351],[16.25,31.044]],"c":false}],"e":[{"i":[[0,0],[0,0]],"o":[[0,0],[0,0]],"v":[[16.25,12.771],[16.25,33.708]],"c":false}]},{"i":{"x":0.667,"y":1},"o":{"x":0.333,"y":0},"n":"0p667_1_0p333_0","t":21,"s":[{"i":[[0,0],[0,0]],"o":[[0,0],[0,0]],"v":[[16.25,12.771],[16.25,33.708]],"c":false}],"e":[{"i":[[0,0],[0,0]],"o":[[0,0],[0,0]],"v":[[16.25,15.351],[16.25,31.044]],"c":false}]},{"i":{"x":0.667,"y":1},"o":{"x":0.333,"y":0},"n":"0p667_1_0p333_0","t":23,"s":[{"i":[[0,0],[0,0]],"o":[[0,0],[0,0]],"v":[[16.25,15.351],[16.25,31.044]],"c":false}],"e":[{"i":[[0,0],[0,0]],"o":[[0,0],[0,0]],"v":[[16.25,23.091],[16.25,23.052]],"c":false}]},{"i":{"x":0.667,"y":1},"o":{"x":0.167,"y":0},"n":"0p667_1_0p167_0","t":30,"s":[{"i":[[0,0],[0,0]],"o":[[0,0],[0,0]],"v":[[16.25,23.091],[16.25,23.052]],"c":false}],"e":[{"i":[[0,0],[0,0]],"o":[[0,0],[0,0]],"v":[[16.25,23.091],[16.25,23.052]],"c":false}]},{"i":{"x":0.667,"y":1},"o":{"x":0.333,"y":0},"n":"0p667_1_0p333_0","t":31,"s":[{"i":[[0,0],[0,0]],"o":[[0,0],[0,0]],"v":[[16.25,23.091],[16.25,23.052]],"c":false}],"e":[{"i":[[0,0],[0,0]],"o":[[0,0],[0,0]],"v":[[16.25,12.771],[16.25,33.708]],"c":false}]},{"i":{"x":0.667,"y":1},"o":{"x":0.333,"y":0},"n":"0p667_1_0p333_0","t":32,"s":[{"i":[[0,0],[0,0]],"o":[[0,0],[0,0]],"v":[[16.25,12.771],[16.25,33.708]],"c":false}],"e":[{"i":[[0,0],[0,0]],"o":[[0,0],[0,0]],"v":[[16.25,23.091],[16.25,23.052]],"c":false}]},{"i":{"x":0.667,"y":1},"o":{"x":0.333,"y":0},"n":"0p667_1_0p333_0","t":36,"s":[{"i":[[0,0],[0,0]],"o":[[0,0],[0,0]],"v":[[16.25,23.091],[16.25,23.052]],"c":false}],"e":[{"i":[[0,0],[0,0]],"o":[[0,0],[0,0]],"v":[[16.25,12.771],[16.25,33.708]],"c":false}]},{"i":{"x":0.667,"y":1},"o":{"x":0.333,"y":0},"n":"0p667_1_0p333_0","t":39,"s":[{"i":[[0,0],[0,0]],"o":[[0,0],[0,0]],"v":[[16.25,12.771],[16.25,33.708]],"c":false}],"e":[{"i":[[0,0],[0,0]],"o":[[0,0],[0,0]],"v":[[16.25,15.351],[16.25,31.044]],"c":false}]},{"i":{"x":0.667,"y":1},"o":{"x":0.333,"y":0},"n":"0p667_1_0p333_0","t":41,"s":[{"i":[[0,0],[0,0]],"o":[[0,0],[0,0]],"v":[[16.25,15.351],[16.25,31.044]],"c":false}],"e":[{"i":[[0,0],[0,0]],"o":[[0,0],[0,0]],"v":[[16.25,12.771],[16.25,33.708]],"c":false}]},{"i":{"x":0.667,"y":1},"o":{"x":0.333,"y":0},"n":"0p667_1_0p333_0","t":43,"s":[{"i":[[0,0],[0,0]],"o":[[0,0],[0,0]],"v":[[16.25,12.771],[16.25,33.708]],"c":false}],"e":[{"i":[[0,0],[0,0]],"o":[[0,0],[0,0]],"v":[[16.25,15.351],[16.25,31.044]],"c":false}]},{"i":{"x":0.667,"y":1},"o":{"x":0.333,"y":0},"n":"0p667_1_0p333_0","t":45,"s":[{"i":[[0,0],[0,0]],"o":[[0,0],[0,0]],"v":[[16.25,15.351],[16.25,31.044]],"c":false}],"e":[{"i":[[0,0],[0,0]],"o":[[0,0],[0,0]],"v":[[16.25,23.091],[16.25,23.052]],"c":false}]},{"t":50}]},"nm":"Path 1","mn":"ADBE Vector Shape - Group"},{"ty":"st","fillEnabled":true,"c":{"k":[0.2901960784313726,0.5647058823529412,0.8862745098039215,1]},"o":{"k":100},"w":{"k":6.5},"lc":2,"lj":1,"ml":10,"nm":"Stroke 1","mn":"ADBE Vector Graphic - Stroke"},{"ty":"tr","p":{"k":[0,0],"ix":2},"a":{"k":[0,0],"ix":1},"s":{"k":[100,100],"ix":3},"r":{"k":0,"ix":6},"o":{"k":100,"ix":7},"sk":{"k":0,"ix":4},"sa":{"k":0,"ix":5},"nm":"Transform"}],"nm":"Group 1","np":2,"mn":"ADBE Vector Group"}],"ip":0,"op":55,"st":0,"bm":0,"sr":1}],"v":"4.5.3","ddd":0,"ip":0,"op":55,"fr":25,"w":100,"h":100}